session_id,name,label,match_date,start_at,end_at,is_away,venue_id,venue_name,venue_capacity,competition_id,competition_name
1000,PBB - Virtus Bologna,J03 PBB - Virtus Bologna,2025-10-09,2025-10-09 18:45:00.127,2025-10-09 21:00:00.694,False,1,ADIDAS ARENA,8000,2,COUPE EUROPEENNE
1001,PBB - Monaco,J03 PBB - Monaco,2025-10-12,2025-10-12 15:00:00.907,2025-10-12 17:15:00.504,False,1,ADIDAS ARENA,8000,1,CHAMPIONNAT NATIONAL
1002,PBB - Kosner Baskonia Vitoria-Gasteiz,J04 PBB - Kosner Baskonia Vitoria-Gasteiz,2025-10-15,2025-10-15 18:45:00.093,2025-10-15 21:00:00.475,False,1,ADIDAS ARENA,8000,2,COUPE EUROPEENNE
1003,PBB - Hapoel Shlomo Tel Aviv,J05 PBB - Hapoel Shlomo Tel Aviv,2025-10-17,2025-10-17 18:45:00.593,2025-10-17 21:00:00.720,False,1,ADIDAS ARENA,8000,2,COUPE EUROPEENNE
1004,PBB - Dijon,J04 PBB - Dijon,2025-10-19,2025-10-19 12:30:00.927,2025-10-19 14:45:00.641,False,1,ADIDAS ARENA,8000,1,CHAMPIONNAT NATIONAL
1005,PBB - Anadolu Efes Istanbul,J07 PBB - Anadolu Efes Istanbul,2025-10-28,2025-10-28 18:45:00.222,2025-10-28 21:00:00.824,False,1,ADIDAS ARENA,8000,2,COUPE EUROPEENNE
1006,PBB - FC Bayern Munich,J09 PBB - FC Bayern Munich,2025-11-06,2025-11-06 20:00:00.278,2025-11-06 22:15:00.540,False,1,ADIDAS ARENA,8000,2,COUPE EUROPEENNE
1007,PBB - Limoges,J07 PBB - Limoges,2025-11-09,2025-11-09 17:00:00.124,2025-11-09 19:15:00.991,False,1,ADIDAS ARENA,8000,1,CHAMPIONNAT NATIONAL
1008,PBB - Panathinaikos AKTOR Athens,J10 PBB - Panathinaikos AKTOR Athens,2025-11-11,2025-11-11 20:00:00.580,2025-11-11 22:15:00.724,False,1,ADIDAS ARENA,8000,2,COUPE EUROPEENNE
1009,PBB - Valencia Basket,J11 PBB - Valencia Basket,2025-11-13,2025-11-13 19:45:00.299,2025-11-13 22:00:00.890,False,1,ADIDAS ARENA,8000,2,COUPE EUROPEENNE
1010,PBB - Saint-Quentin,J10 PBB - Saint-Quentin,2025-12-07,2025-12-07 17:00:00.135,2025-12-07 19:15:00.315,False,1,ADIDAS ARENA,8000,1,CHAMPIONNAT NATIONAL
1011,PBB - Le Portel,J09 PBB - Le Portel,2025-12-09,2025-12-09 19:00:00.951,2025-12-09 21:15:00.962,False,1,ADIDAS ARENA,8000,1,CHAMPIONNAT NATIONAL
1012,PBB - Zalgiris Kaunas,J15 PBB - Zalgiris Kaunas,2025-12-11,2025-12-11 19:45:00.816,2025-12-11 22:00:00.739,False,1,ADIDAS ARENA,8000,2,COUPE EUROPEENNE
1013,PBB - FC Barcelona,J16 PBB - FC Barcelona,2025-12-16,2025-12-16 20:00:00.814,2025-12-16 22:15:00.470,False,1,ADIDAS ARENA,8000,2,COUPE EUROPEENNE
1014,PBB - Cholet,J12 PBB - Cholet,2025-12-21,2025-12-21 17:00:00.732,2025-12-21 19:15:00.314,False,1,ADIDAS ARENA,8000,1,CHAMPIONNAT NATIONAL
1015,PBB - Crvena Zvezda Meridianbet Belgrade,J18 PBB - Crvena Zvezda Meridianbet Belgrade,2025-12-23,2025-12-23 19:45:00.128,2025-12-23 22:00:00.436,False,1,ADIDAS ARENA,8000,2,COUPE EUROPEENNE
1016,PBB - Strasbourg,J13 PBB - Strasbourg,2026-01-13,2026-01-13 19:10:00.612,2026-01-13 21:25:00.298,False,1,ADIDAS ARENA,8000,1,CHAMPIONNAT NATIONAL
1017,PBB - AS Monaco,J22 PBB - AS Monaco,2026-01-15,2026-01-15 19:45:00.008,2026-01-15 22:00:00.327,False,2,ACCOR ARENA,15000,2,COUPE EUROPEENNE
1018,PBB - Le Mans,J16 PBB - Le Mans,2026-01-18,2026-01-18 17:00:00.018,2026-01-18 19:15:00.173,False,1,ADIDAS ARENA,8000,1,CHAMPIONNAT NATIONAL
1019,PBB - Dubai Basketball,J24 PBB - Dubai Basketball,2026-01-22,2026-01-22 20:00:00.071,2026-01-22 22:15:00.385,False,1,ADIDAS ARENA,8000,2,COUPE EUROPEENNE
1020,PBB - Real Madrid,J25 PBB - Real Madrid,2026-01-27,2026-01-27 20:00:00.957,2026-01-27 22:15:00.492,False,2,ACCOR ARENA,15000,2,COUPE EUROPEENNE
1021,PBB - Boulazac,J18 PBB - Boulazac,2026-02-01,2026-02-01 14:30:00.283,2026-02-01 16:45:00.252,False,1,ADIDAS ARENA,8000,1,CHAMPIONNAT NATIONAL
1022,PBB - Fenerbahce Beko Istanbul,J27 PBB - Fenerbahce Beko Istanbul,2026-02-05,2026-02-05 19:45:00.417,2026-02-05 22:00:00.882,False,2,ACCOR ARENA,15000,2,COUPE EUROPEENNE
1023,PBB - Nancy,J19 PBB - Nancy,2026-02-07,2026-02-07 18:30:00.151,2026-02-07 20:45:00.566,False,1,ADIDAS ARENA,8000,1,CHAMPIONNAT NATIONAL
1024,PBB - Olympiacos Piraeus,J34 PBB - Olympiacos Piraeus,2026-03-10,2026-03-10 19:45:00.292,2026-03-10 22:00:00.163,False,2,ACCOR ARENA,15000,2,COUPE EUROPEENNE
1025,PBB - LDLC ASVEL Villeurbanne,J31 PBB - LDLC ASVEL Villeurbanne,2026-03-12,2026-03-12 20:00:00.752,2026-03-12 22:15:00.928,False,1,ADIDAS ARENA,8000,2,COUPE EUROPEENNE
1026,PBB - Gravelines-Dunkerque,J22 PBB - Gravelines-Dunkerque,2026-03-15,2026-03-15 14:30:00.553,2026-03-15 16:45:00.381,False,1,ADIDAS ARENA,8000,1,CHAMPIONNAT NATIONAL
1027,PBB - Partizan Mozzart Bet Belgrade,J32 PBB - Partizan Mozzart Bet Belgrade,2026-03-19,2026-03-19 19:45:00.767,2026-03-19 22:00:00.212,False,1,ADIDAS ARENA,8000,2,COUPE EUROPEENNE
1028,PBB - Bourg-en-Bresse,J23 PBB - Bourg-en-Bresse,2026-03-22,2026-03-22 17:00:00.132,2026-03-22 19:15:00.953,False,1,ADIDAS ARENA,8000,1,CHAMPIONNAT NATIONAL
1029,PBB - EA7 Emporio Armani Milan,J35 PBB - EA7 Emporio Armani Milan,2026-04-02,2026-04-02 18:45:00.684,2026-04-02 21:00:00.625,False,1,ADIDAS ARENA,8000,2,COUPE EUROPEENNE
1030,PBB - Nanterre,J25 PBB - Nanterre,2026-04-04,2026-04-04 17:00:00.284,2026-04-04 19:15:00.657,False,1,ADIDAS ARENA,8000,1,CHAMPIONNAT NATIONAL
1031,PBB - Maccabi Rapyd Tel Aviv,J37 PBB - Maccabi Rapyd Tel Aviv,2026-04-09,2026-04-09 19:00:00.844,2026-04-09 21:15:00.738,False,1,ADIDAS ARENA,8000,2,COUPE EUROPEENNE
1032,PBB - Chalon/Saône,J28 PBB - Chalon/Saône,2026-05-02,2026-05-02 16:30:00.909,2026-05-02 18:45:00.434,False,1,ADIDAS ARENA,8000,1,CHAMPIONNAT NATIONAL
1033,PBB - Lyon-Villeurbanne,J30 PBB - Lyon-Villeurbanne,2026-05-16,2026-05-16 15:00:00.406,2026-05-16 17:15:00.060,False,1,ADIDAS ARENA,8000,1,CHAMPIONNAT NATIONAL
1034,PBB - Strasbourg,J01 PBB - Strasbourg,2026-05-26,2026-05-26 17:00:00.979,2026-05-26 19:15:00.635,False,1,ADIDAS ARENA,8000,3,PLAYOFFS CHAMPIONNAT
1035,PBB - Strasbourg,J03 PBB - Strasbourg,2026-05-30,2026-05-30 11:30:00.419,2026-05-30 13:45:00.469,False,1,ADIDAS ARENA,8000,3,PLAYOFFS CHAMPIONNAT
1036,PBB - Cholet,J01 PBB - Cholet,2026-06-02,2026-06-02 16:00:00.091,2026-06-02 18:15:00.265,False,1,ADIDAS ARENA,8000,3,PLAYOFFS CHAMPIONNAT
1037,PBB - Cholet,J02 PBB - Cholet,2026-06-04,2026-06-04 16:30:00.225,2026-06-04 18:45:00.953,False,1,ADIDAS ARENA,8000,3,PLAYOFFS CHAMPIONNAT
1038,PBB - Monaco,J01 PBB - Monaco,2026-06-14,2026-06-14 13:00:00.883,2026-06-14 15:15:00.074,False,1,ADIDAS ARENA,8000,3,PLAYOFFS CHAMPIONNAT
1039,PBB - Monaco,J02 PBB - Monaco,2026-06-17,2026-06-17 16:30:00.973,2026-06-17 18:45:00.471,False,1,ADIDAS ARENA,8000,3,PLAYOFFS CHAMPIONNAT
1040,PBB - Monaco,J05 PBB - Monaco,2026-06-23,2026-06-23 17:10:00.901,2026-06-23 19:25:00.185,False,1,ADIDAS ARENA,8000,3,PLAYOFFS CHAMPIONNAT
